A2078335,,,,,,,
A2078608,,,,,,,
A2178278,,,,,,,
A2178484,,,,,,,
A2178715,,,,,,,
A2178991,,,,,,,
A2278023,,,,,,,
A2278065,,,,,,,
A2278069,,,,,,,
A2278076,,,,,,,
A2278078,,,,,,,
A2278137,,,,,,,
A2278304,,,,,,,
A2278325,,,,,,,
A2278330,,,,,,,
A2278406,,,,,,,
A2278443,,,,,,,
A2278462,,,,,,,
A2278488,,,,,,,
A2278505,,,,,,,
A2278716,,,,,,,
A2278725,,,,,,,
A2278823,,,,,,,
A2377484,,,,,,,
A2378056,,,,,,,
A2378058,,,,,,,
A2378061,,,,,,,
A2378067,,,,,,,
A2378072,,,,,,,
A2378073,,,,,,,
A2378075,,,,,,,
A2378086,,,,,,,
A2378099,,,,,,,
A2378101,,,,,,,
A2378104,,,,,,,
A2378112,,,,,,,
A2378128,,,,,,,
A2378155,,,,,,,
A2378165,,,,,,,
A2378192,,,,,,,
A2378243,,,,,,,
A2378251,,,,,,,
A2378258,,,,,,,
A2378280,,,,,,,
A2378290,,,,,,,
A2378299,,,,,,,
A2378323,,,,,,,
A2378334,,,,,,,
A2378336,,,,,,,
A2378367,,,,,,,
A2378373,,,,,,,
A2378386,,,,,,,
A2378397,,,,,,,
A2378422,,,,,,,
A2378438,,,,,,,
A2378463,,,,,,,
A2378475,,,,,,,
A2378540,,,,,,,
A2378552,,,,,,,
A2378554,,,,,,,
A2378573,,,,,,,
A2378593,,,,,,,
A2378604,,,,,,,
A2378605,,,,,,,
A2378624,,,,,,,
A2378634,,,,,,,
A2378639,,,,,,,
A2378641,,,,,,,
A2378643,,,,,,,
A2378645,,,,,,,
A2378679,,,,,,,
A2378684,,,,,,,
A2378693,,,,,,,
A2378696,,,,,,,
A2378700,,,,,,,
A2378707,,,,,,,
A2378712,,,,,,,
A2378724,,,,,,,
A2378728,,,,,,,
A2378747,,,,,,,
A2378791,,,,,,,
A2378818,,,,,,,
A2378821,,,,,,,
A2378826,,,,,,,
A2378851,,,,,,,
A2378862,,,,,,,
A2378872,,,,,,,
A2378875,,,,,,,
A2378882,,,,,,,
A2378884,,,,,,,
A2378895,,,,,,,
A2378899,,,,,,,
A2378914,,,,,,,
A2378947,,,,,,,
A2378957,,,,,,,
A2378958,,,,,,,
A2378966,,,,,,,
A2378968,,,,,,,
